{
  "model": {
    "type": "range_dispatch",
    "property": "custom_model_data",
    "fallback": {
      "type": "model",
      "model": "minecraft:item/music_disc_13"
    },
    "entries": [
      {
        "threshold": 2690080,
        "model": {
          "type": "model",
          "model": "item/custom_music_disc_kakak"
        }
      },
      {
        "threshold": 1012208,
        "model": {
          "type": "model",
          "model": "item/custom_music_disc_music"
        }
      },
      {
        "threshold": 1974560,
        "model": {
          "type": "model",
          "model": "item/custom_music_disc_efn"
        }
      },
      {
        "threshold": 6838224,
        "model": {
          "type": "model",
          "model": "item/custom_music_disc_hoppin"
        }
      },
      {
        "threshold": 8299600,
        "model": {
          "type": "model",
          "model": "item/custom_music_disc_ripgranny"
        }
      },
      {
        "threshold": 3682528,
        "model": {
          "type": "model",
          "model": "item/custom_music_disc_meow"
        }
      },
      {
        "threshold": 6749648,
        "model": {
          "type": "model",
          "model": "item/custom_music_disc_santa"
        }
      },
      {
        "threshold": 6305888,
        "model": {
          "type": "model",
          "model": "item/custom_music_disc_in_my_ahh"
        }
      },
      {
        "threshold": 1273760,
        "model": {
          "type": "model",
          "model": "item/custom_music_disc_shripm"
        }
      },
      {
        "threshold": 594928,
        "model": {
          "type": "model",
          "model": "item/custom_music_disc_diddy_hail_epstin"
        }
      }
    ]
  }
}