{
  "customdisc.kakak": {
    "category": "record",
    "sounds": [
      {
        "name": "custom/kakak",
        "stream": true
      }
    ]
  },
  "customdisc.music": {
    "category": "record",
    "sounds": [
      {
        "name": "custom/music",
        "stream": true
      }
    ]
  },
  "customdisc.efn": {
    "category": "record",
    "sounds": [
      {
        "name": "custom/efn",
        "stream": true
      }
    ]
  },
  "customdisc.hoppin": {
    "category": "record",
    "sounds": [
      {
        "name": "custom/hoppin",
        "stream": true
      }
    ]
  },
  "customdisc.ripgranny": {
    "category": "record",
    "sounds": [
      {
        "name": "custom/ripgranny",
        "stream": true
      }
    ]
  },
  "customdisc.meow": {
    "category": "record",
    "sounds": [
      {
        "name": "custom/meow",
        "stream": true
      }
    ]
  },
  "customdisc.santa": {
    "category": "record",
    "sounds": [
      {
        "name": "custom/santa",
        "stream": true
      }
    ]
  },
  "customdisc.in_my_ahh": {
    "category": "record",
    "sounds": [
      {
        "name": "custom/in_my_ahh",
        "stream": true
      }
    ]
  },
  "customdisc.shripm": {
    "category": "record",
    "sounds": [
      {
        "name": "custom/shripm",
        "stream": true
      }
    ]
  },
  "customdisc.diddy_hail_epstin": {
    "category": "record",
    "sounds": [
      {
        "name": "custom/diddy_hail_epstin",
        "stream": true
      }
    ]
  }
}